{"base train loss": 10.728366375908138, "base val loss": 10.176782137230981, "_timestamp": 1683220797.4653282, "_runtime": 1799.4745421409607, "_step": 2, "base_with_embeddings train loss": 18.18736277415058, "base_with_embeddings val loss": 14.964476621603664, "base_with_frozen_embeddings train loss": 18.450128286842286, "base_with_frozen_embeddings val loss": 15.130122245112553, "_wandb": {"runtime": 3273}}