{"base train loss": 10.956436811708937, "base val loss": 10.967972993850708, "_timestamp": 1683222495.0890515, "base_with_embeddings train loss": 19.87967805301442, "base_with_embeddings val loss": 20.456351280212402, "base_with_frozen_embeddings train loss": 20.06340112873152, "base_with_frozen_embeddings val loss": 20.94789981842041, "_runtime": 109.69213247299194, "_step": 0, "_wandb": {"runtime": 109}}