{"base train loss": 10.764100598353966, "base val loss": 10.725785493850708, "_timestamp": 1683223544.6334155, "base_with_embeddings train loss": 18.354754541434495, "base_with_embeddings val loss": 18.489641189575195, "base_with_frozen_embeddings train loss": 18.68542136398016, "base_with_frozen_embeddings val loss": 19.022716522216797, "_runtime": 998.0704164505005, "_step": 10, "_wandb": {"runtime": 1015}}